{"0": [[], [0.1515383804732862, 0.2531076178715376, 0.22906973472796388, 0.19269587266868551, 0.17358839425852673]], "1": [[0], [[0.08323298204258049, 0.04293596144859728, 0.06294945247401515, 0.04910756714577767, 0.14791806332019647, 0.14938653136161936, 0.1476471590102437, 0.14410801679625287, 0.06942999630043685, 0.10328427010028002], [0.1532493822634871, 0.13496802132294813, 0.04138175357877307, 0.09788286130281001, 0.04247446125226176, 0.07581050205844718, 0.0949610267941246, 0.15140417241070445, 0.12195448504738333, 0.08591333396906044], [0.11063331260219654, 0.15450254281314968, 0.08498866779368767, 0.12733325657608358, 0.07996596248566797, 0.10919781611873595, 0.04806600516873991, 0.15918651142719173, 0.05124680234996773, 0.07487912266457918], [0.07487415413115006, 0.10762086893297974, 0.11827324633103921, 0.04646018978024681, 0.04230740859576464, 0.12713856489476189, 0.11738993811556336, 0.13079449197741977, 0.11338955476656468, 0.12175158247450983], [0.08923738441508307, 0.11568721495373308, 0.142645894796336, 0.06331682231379843, 0.0947221911653753, 0.13451567872063108, 0.10847832323524743, 0.12714587186506238, 0.07844314216271896, 0.045807476372014294]]], "2": [[1], [[0.0919558586240514, 0.3237323233814327, 0.3241785233473951, 0.13816134516195278, 0.12197194948516812], [0.10686188043997612, 0.17165796700763725, 0.20300283832753752, 0.17469404213898032, 0.34378327208586884], [0.28144320412060303, 0.10770149345684049, 0.2678985207341415, 0.22195933988047722, 0.12099744180793791], [0.28551526050733916, 0.11160645131620624, 0.13585163154341626, 0.12842035848477362, 0.33860629814826465], [0.2173677348807967, 0.1569150515710251, 0.24350863999191352, 0.11575351782280362, 0.2664550557334612], [0.1962615576151154, 0.1700858716607949, 0.21486254009709804, 0.18631517771047781, 0.23247485291651382], [0.3611764105225777, 0.16502895487022443, 0.1780262723398527, 0.12378969544467729, 0.17197866682266788], [0.17066392087211554, 0.09132053180879662, 0.1634708745823813, 0.2786005136508522, 0.2959441590858545], [0.1079227046488205, 0.10737829159063962, 0.15126561026908153, 0.38031149142856135, 0.2531219020628971], [0.2616388349087844, 0.24264148612422343, 0.24319739857136524, 0.09179768912192857, 0.16072459127369837]]], "3": [[1, 2], [[[0.1438858285463405, 0.05230691361168076, 0.09841257368654088, 0.07347742586496087, 0.07820284967889148, 0.13273885283616618, 0.09989479280584485, 0.11842360265539384, 0.1091478031202479, 0.09350935719393287], [0.13639282770400918, 0.1580962146904488, 0.15762178623570083, 0.13611893776956166, 0.09949166999014368, 0.06019138423262428, 0.045802395282162435, 0.06846992043114208, 0.08166168004351126, 0.05615318362069557], [0.06979149543606789, 0.05213163308268672, 0.1071710699001264, 0.05748045893082502, 0.13456897542261356, 0.08328268883469712, 0.12572704133223014, 0.15204512852581326, 0.0524406469519956, 0.16536086158294433], [0.1033632191548036, 0.04084552826305616, 0.06837551881230854, 0.12881929548307444, 0.09818651260255262, 0.06554686665788848, 0.13454945074368363, 0.11836309737028873, 0.11290074237692001, 0.1290497685354238], [0.14798970463601124, 0.08318658434239559, 0.1230508526235777, 0.15771687839733517, 0.06898073022772334, 0.06658941560190403, 0.06604648037309041, 0.07077938759401067, 0.0585678739829427, 0.15709209222100923]], [[0.1492242700852648, 0.0628048913329359, 0.13461076231970218, 0.124431207583518, 0.07897901996036823, 0.07265245433744036, 0.07566083198224736, 0.1378622223398359, 0.08456662016968082, 0.07920771988900666], [0.04013638117379985, 0.1400508669261377, 0.12250659363714571, 0.09093116110655977, 0.14396399706964547, 0.07071133747102497, 0.11370818253096789, 0.07202188333910299, 0.07308470392271413, 0.13288489282290153], [0.13470125208084502, 0.07543772722162541, 0.049862474596719795, 0.08306958496548948, 0.13145929758204578, 0.05216547767544844, 0.12088419357689804, 0.14705392518687982, 0.06162557578055402, 0.14374049133349423], [0.049163919190191974, 0.12782629601486636, 0.14369364880248278, 0.09944033114967045, 0.06863598972946647, 0.1607791709467519, 0.0451516678384145, 0.11353721401991096, 0.09024944771634252, 0.10152231459190207], [0.12123578997097299, 0.12098263763151405, 0.07483449389030113, 0.1411845101897058, 0.049124574444433064, 0.0494082997511912, 0.11314162892655062, 0.12197971054382226, 0.08476665130031652, 0.12334170335119239]], [[0.09052629520829726, 0.07274073282908, 0.10498434906519741, 0.1376125280591821, 0.08782934161630626, 0.11929434529995804, 0.06191052041406972, 0.11672595656204496, 0.1046786295642077, 0.10369730138165643], [0.15371637546571623, 0.07102965779367924, 0.0879634409030789, 0.052192804334875276, 0.1327947511108092, 0.14755351809106304, 0.09264917595533173, 0.08650654513148859, 0.12433811386301322, 0.051255617350944666], [0.07843623936957335, 0.08748714118651846, 0.10654388380846622, 0.10128861522696261, 0.06778571397284913, 0.10931997474402212, 0.1574792286836629, 0.045075258145095005, 0.12676856250883836, 0.11981538235401186], [0.14812338189919627, 0.1152565692171954, 0.11284207150587611, 0.12991400663948643, 0.07079471685607164, 0.10941380433062675, 0.10042682471547038, 0.09089370389195188, 0.048616870211782244, 0.0737180507323429], [0.06750174553189922, 0.11639822953508931, 0.1380146767549873, 0.06208737646465685, 0.04489997122648683, 0.146742562592221, 0.11276121212217576, 0.1342522276899542, 0.05252226192958801, 0.12481973615294148]], [[0.1387794626177023, 0.05867785044670362, 0.05987788981419625, 0.07610155071587538, 0.0665809052545145, 0.15839668809451438, 0.08427015609777899, 0.13248382478476536, 0.13777819158743942, 0.0870534805865098], [0.11309406998039567, 0.04910783785332092, 0.08129790514132403, 0.14479022351634954, 0.055868476889483216, 0.08004545008873329, 0.12510971086071557, 0.11118352937538464, 0.10740919730636596, 0.13209359898792705], [0.045465817434605246, 0.1385571892229398, 0.1525301897278708, 0.04384510697809788, 0.11193691481344584, 0.08554582804257306, 0.04818413647987888, 0.09422177593859589, 0.12260843611608958, 0.15710460524590306], [0.10979316392114472, 0.13698208505486653, 0.05236118681641775, 0.06259961340442254, 0.15005207433580348, 0.14051088632346015, 0.0654433383685856, 0.10984420031859299, 0.08010820582440624, 0.09230524563230008], [0.1323456644880671, 0.11847448951751355, 0.0633657119218147, 0.07196006419722298, 0.06904735553407022, 0.12345598564935172, 0.09125376941438937, 0.14230265254940372, 0.1274483044964057, 0.06034600223176082]], [[0.12349742816457729, 0.0926181704043366, 0.06477253969117436, 0.07686784609407786, 0.1440403136682722, 0.0901777499681641, 0.11617801700080392, 0.08941905736278079, 0.07777542546724388, 0.12465345217856902], [0.1484445715150142, 0.05090567343677206, 0.07692095068204291, 0.1056754637679445, 0.0816343832557102, 0.14031150420773095, 0.05628793283486326, 0.1420972847869713, 0.11949603515744533, 0.07822620035550527], [0.08679749068181103, 0.06610869942277758, 0.07503117880372714, 0.1345400507773144, 0.09082234430587365, 0.13072582012226244, 0.10852322413368852, 0.06129346584788817, 0.1065976005399703, 0.1395601253646867], [0.08644460415188364, 0.13444824524760648, 0.07293109749055438, 0.06425474304982676, 0.095013682379045, 0.09898342919371167, 0.14991873108255793, 0.10869292067887168, 0.05679347777621097, 0.13251906894973173], [0.09371825010569491, 0.07764948685462274, 0.13259872585531426, 0.056950975100087904, 0.14555947052234303, 0.07793187119259591, 0.09274767725312348, 0.14743020627168352, 0.12781359981878782, 0.047599737025746415]], [[0.12284142460899478, 0.08673753844992393, 0.11343477151274298, 0.14503086690023395, 0.11177529004500082, 0.054486534682291976, 0.11633083719438728, 0.0481678475910405, 0.09186427135509177, 0.10933061766029205], [0.10650094338753328, 0.0914224789152063, 0.05284501909380553, 0.13781330675703962, 0.10711360364381872, 0.07081512700447741, 0.1414855086553338, 0.13240771908762472, 0.05192411673611786, 0.10767217671904265], [0.10351660446216199, 