{"0": [[], [0.6665566160122885, 0.3334433839877114]], "1": [[0], [[0.29579350236513324, 0.33089140286634966, 0.37331509476851715], [0.4475676741096745, 0.2132809768227172, 0.3391513490676083]]], "2": [[0], [[0.7090964845143445, 0.2909035154856555], [0.6512459149730354, 0.3487540850269646]]], "3": [[1, 2], [[[0.13370554750795693, 0.43033700522020635, 0.4359574472718366], [0.5164605517816997, 0.28857463316110155, 0.19496481505719873]], [[0.4529716877934999, 0.3443187534489436, 0.20270955875755647], [0.3397084980897917, 0.15077452557514803, 0.5095169763350603]], [[0.2651633574170734, 0.4459693988106749, 0.28886724377225176], [0.3790144517214847, 0.3908468689280308, 0.23013867935048457]]]]}