{"0": [[], [0.35537223590367173, 0.6446277640963282]], "1": [[0], [[0.42841503627789246, 0.37479497393298705, 0.1967899897891206], [0.2352250197385864, 0.1881582216118741, 0.5766167586495394]]], "2": [[1], [[0.2572101342279175, 0.2866505736765936, 0.09741710435870746, 0.3587221877367814], [0.4249469754313377, 0.19890773167740247, 0.18778476014285084, 0.188360532748409], [0.22095796697173972, 0.2973792864658868, 0.2652145958964793, 0.21644815066589418]]]}