{"0": [[], [0.5626584002267206, 0.43734159977327935]], "1": [[], [0.36600994861504604, 0.3921014370061759, 0.24188861437877804]], "2": [[0, 1], [[[0.21470525669263912, 0.1444672320475369, 0.2795423414382313, 0.223236735336303, 0.1380484344852896], [0.26884745282210903, 0.19931458814523167, 0.18060578975223757, 0.08019493943025251, 0.27103722985016937], [0.3023773190269717, 0.2107249353046014, 0.18248064585135876, 0.1629710476924, 0.14144605212466815]], [[0.21564758406963933, 0.10960459098114139, 0.29751206274779307, 0.12097380834450674, 0.25626195385691947], [0.15066307778099994, 0.13164450458865257, 0.20972647151412943, 0.2584999291676859, 0.24946601694853224], [0.1250281730003966, 0.14635808938397596, 0.26504548104278036, 0.23294710757592818, 0.2306211489969189]]]], "3": [[2], [[0.1595356586742716, 0.2981069936886363, 0.18324797986177122, 0.19463164758256749, 0.16447772019275336], [0.13349461051928027, 0.2212739404913247, 0.10283068161899979, 0.23170068124506465, 0.31070008612533057], [0.3543639091300601, 0.11280535096260637, 0.16830555419428703, 0.226588684114406, 0.1379365015986406], [0.09713162497479279, 0.16952036250032915, 0.19722796856679417, 0.24890007066303, 0.2872199732950538], [0.25183013196095094, 0.12611326634435344, 0.24585209625486387, 0.19791804921950323, 0.17828645622032846]]], "4": [[0, 3], [[[0.5506915055724889, 0.4493084944275111], [0.7462794548963706, 0.25372054510362935], [0.5154343701809867, 0.4845656298190132], [0.5027146164481212, 0.49728538355187885], [0.501700409241526, 0.49829959075847385]], [[0.6585137309216547, 0.3414862690783454], [0.5166782023127896, 0.48332179768721034], [0.4888281253769326, 0.5111718746230673], [0.6081070611719551, 0.3918929388280449], [0.31712222467112766, 0.6828777753288723]]]], "5": [[1, 3], [[[0.3477735344561415, 0.3407463156690766, 0.311480149874782], [0.320654954313675, 0.3965336678676768, 0.2828113778186481], [0.18437981914965326, 0.36535449232018524, 0.45026568853016147], [0.22970474363674423, 0.38059368924215026, 0.38970156712110543], [0.2530692794012387, 0.32708362563977117, 0.4198470949589902]], [[0.3398644555634734, 0.318623832474518, 0.3415117119620087], [0.36067054651012814, 0.28715202053657257, 0.3521774329532993], [0.47179665327133385, 0.18560659425572168, 0.3425967524729445], [0.42084276163305984, 0.26557500334816614, 0.313582235018774], [0.49174046020464357, 0.24310523439597675, 0.2651543053993797]], [[0.28379656505178663, 0.39561746971328887, 0.32058596523492444], [0.49572597290879605, 0.2977262807062408, 0.20654774638496315], [0.31341840052677244, 0.2826873350393616, 0.40389426443386595], [0.4013517322259818, 0.3700821949297959, 0.22856607284422234], [0.21833486735969385, 0.49584744710500944, 0.2858176855352968]]]], "6": [[4, 5], [[[0.2658882268163389, 0.31873162083394424, 0.21944345388372508, 0.19593669846599174], [0.3412498620635668, 0.17414649410682664, 0.2713517041297798, 0.21325193969982675], [0.14444641745973374, 0.27389764995867494, 0.2639021819147484, 0.3177537506668431]], [[0.33754393362176355, 0.15493715164642197, 0.311446131080069, 0.19607278365174538], [0.2621971073144789, 0.3225412673786169, 0.1606525069231264, 0.2546091183837777], [0.19986040213607453, 0.27607032455154373, 0.25314385897452496, 0.2709254143378567]]]]}